{
  "_fv": 57,
  "_type": "plant",
  "definition": {
    "renderType": 12,
    "texture": "ethereal_bush_stage3",
    "textureBottom": "",
    "customModelName": "Cross model",
    "itemTexture": "",
    "particleTexture": "",
    "tintType": "No tint",
    "isItemTinted": false,
    "plantType": "normal",
    "suspiciousStewEffect": "SPEED",
    "suspiciousStewDuration": 100,
    "growapableSpawnType": "Plains",
    "growapableMaxHeight": 3,
    "customBoundingBox": true,
    "disableOffset": false,
    "boundingBoxes": [
      {
        "mx": 1.0,
        "my": 0.0,
        "mz": 1.0,
        "Mx": 15.0,
        "My": 15.0,
        "Mz": 15.0,
        "subtract": false
      }
    ],
    "name": "Ethereal Bush Plant",
    "specialInformation": {
      "fixedValue": []
    },
    "creativeTab": {
      "value": "No creative tab entry"
    },
    "hardness": 0.5,
    "resistance": 0.0,
    "luminance": 0,
    "unbreakable": false,
    "isSolid": false,
    "isCustomSoundType": false,
    "soundOnStep": {
      "value": "PLANT"
    },
    "breakSound": {
      "value": ""
    },
    "stepSound": {
      "value": ""
    },
    "placeSound": {
      "value": ""
    },
    "hitSound": {
      "value": ""
    },
    "fallSound": {
      "value": ""
    },
    "useLootTableForDrops": false,
    "customDrop": {
      "value": "CUSTOM:EtherealBerries"
    },
    "dropAmount": 2,
    "forceTicking": false,
    "emissiveRendering": false,
    "hasTileEntity": false,
    "isReplaceable": false,
    "colorOnMap": "DEFAULT",
    "creativePickItem": {
      "value": ""
    },
    "offsetType": "NONE",
    "aiPathNodeType": "DEFAULT",
    "flammability": 100,
    "fireSpreadSpeed": 60,
    "jumpFactor": 0.6,
    "speedFactor": 0.6,
    "canBePlacedOn": [
      {
        "value": "CUSTOM:RootedEndStone"
      },
      {
        "value": "Blocks.END_STONE"
      }
    ],
    "isBonemealable": false,
    "frequencyOnChunks": 4,
    "generateFeature": true,
    "restrictionBiomes": [
      {
        "value": "end_highlands"
      },
      {
        "value": "end_midlands"
      }
    ],
    "generationType": "Flower",
    "patchSize": 12,
    "generateAtAnyHeight": false,
    "onRightClicked": {
      "name": "EtherealBushStage3OnRightClick"
    }
  }
}