{
  "_fv": 57,
  "_type": "feature",
  "definition": {
    "generationStep": "VEGETAL_DECORATION",
    "restrictionBiomes": [
      {
        "value": "small_end_islands"
      }
    ],
    "featurexml": "<xml xmlns=\"https://developers.google.com/blockly/xml\"><block type=\"feature_container\" deletable=\"false\" x=\"40\" y=\"40\"><value name=\"feature\"><block type=\"feature_custom_structure\"><field name=\"structure\">ethereal_tree</field><field name=\"x\">-1</field><field name=\"y\">-1</field><field name=\"z\">-3</field><field name=\"random_rotation\">FALSE</field><field name=\"random_mirror\">FALSE</field><value name=\"ignored_blocks\"><block type=\"block_holderset_list\"><mutation xmlns=\"http://www.w3.org/1999/xhtml\" inputs=\"2\"></mutation><field name=\"block0\">Blocks.AIR</field><field name=\"block1\">Blocks.STRUCTURE_BLOCK</field></block></value></block></value><next><block type=\"placement_rarity\"><field name=\"rarity\">3</field><next><block type=\"placement_in_square\"><comment pinned=\"false\" h=\"80\" w=\"189\">We then move each tree horizontally, so that they don't generate in the corner of the chunk</comment><next><block type=\"placement_heightmap\"><field name=\"heightmap\">OCEAN_FLOOR</field><comment pinned=\"false\" h=\"80\" w=\"160\">We then move each feature to the highest solid block (which might be underwater)</comment><next><block type=\"placement_block_predicate_filter\"><value name=\"condition\"><block type=\"block_predicate_solid\"><field name=\"x\">-1</field><field name=\"y\">-1</field><field name=\"z\">-3</field></block></value><next><block type=\"placement_block_predicate_filter\"><value name=\"condition\"><block type=\"block_predicate_matching_blocks\"><field name=\"x\">-1</field><field name=\"y\">0</field><field name=\"z\">-3</field><value name=\"blockSet\"><block type=\"block_holderset_list\"><mutation xmlns=\"http://www.w3.org/1999/xhtml\" inputs=\"1\"></mutation><field name=\"block0\">Blocks.AIR</field></block></value></block></value><next><block type=\"placement_biome_filter\"><comment pinned=\"false\" h=\"85\" w=\"210\">We check that the tree doesn't generate in the wrong biome</comment></block></next></block></next></block></next></block></next></block></next></block></next></block></xml>"
  }
}