{
  "parent": "block/cube",
  "textures": {
    "down": "garnished_additions:block/stripped_ethereal_log",
    "up": "garnished_additions:block/stripped_ethereal_log",
    "north": "garnished_additions:block/stripped_ethereal_log",
    "east": "garnished_additions:block/stripped_ethereal_log",
    "south": "garnished_additions:block/stripped_ethereal_log",
    "west": "garnished_additions:block/stripped_ethereal_log",
    "particle": "garnished_additions:block/stripped_ethereal_log"
  },
  "render_type": "solid"
}