{
	"credit": "Made with Blockbench",
	"textures": {
		"0": "ethereal_delight_side",
		"1": "ethereal_delight_inner",
		"2": "ethereal_delight_top",
		"3": "ethereal_delight_bottom",
		"particle": "ethereal_delight_side"
	},
	"elements": [
		{
			"name": "EtherealDelight1",
			"from": [9, 0, 1],
			"to": [15, 8, 15],
			"faces": {
				"north": {"uv": [1, 7, 7, 15], "texture": "#0"},
				"east": {"uv": [1, 7, 15, 15], "texture": "#0"},
				"south": {"uv": [9, 7, 15, 15], "texture": "#0"},
				"west": {"uv": [1, 7, 15, 15], "texture": "#1"},
				"up": {"uv": [9, 1, 15, 15], "texture": "#2"},
				"down": {"uv": [9, 1, 15, 15], "texture": "#3"}
			}
		}
	]
}