{
  "_fv": 57,
  "_type": "recipe",
  "definition": {
    "recipeType": "Crafting",
    "recipeRetstackSize": 1,
    "group": "wooden_fence_gate",
    "cookingBookCategory": "MISC",
    "xpReward": 0.0,
    "cookingTime": 200,
    "craftingBookCategory": "REDSTONE",
    "recipeShapeless": false,
    "recipeSlots": [
      {
        "value": ""
      },
      {
        "value": ""
      },
      {
        "value": ""
      },
      {
        "value": "Items.STICK"
      },
      {
        "value": "CUSTOM:EtherealPlanks"
      },
      {
        "value": "Items.STICK"
      },
      {
        "value": "Items.STICK"
      },
      {
        "value": "CUSTOM:EtherealPlanks"
      },
      {
        "value": "Items.STICK"
      }
    ],
    "recipeReturnStack": {
      "value": "CUSTOM:EtherealFenceGate"
    },
    "name": "ethereal_fence_gate_recipe",
    "namespace": "mod"
  }
}