{
  "credit": "Made with Blockbench",
  "elements": [
    {
      "name": "EtherealDelight1",
      "from": [
        11,
        0,
        1
      ],
      "to": [
        15,
        8,
        15
      ],
      "faces": {
        "north": {
          "uv": [
            1,
            7,
            5,
            15
          ],
          "texture": "#0"
        },
        "east": {
          "uv": [
            1,
            7,
            15,
            15
          ],
          "texture": "#0"
        },
        "south": {
          "uv": [
            11,
            7,
            15,
            15
          ],
          "texture": "#0"
        },
        "west": {
          "uv": [
            1,
            7,
            15,
            15
          ],
          "texture": "#1"
        },
        "up": {
          "uv": [
            11,
            1,
            15,
            15
          ],
          "texture": "#2"
        },
        "down": {
          "uv": [
            11,
            1,
            15,
            15
          ],
          "texture": "#3"
        }
      }
    }
  ]
}