{
  "_fv": 69,
  "_type": "feature",
  "definition": {
    "skipPlacement": false,
    "generationStep": "VEGETAL_DECORATION",
    "restrictionBiomes": [
      {
        "value": "small_end_islands"
      }
    ],
    "featurexml": "<xml xmlns=\"https://developers.google.com/blockly/xml\"><block type=\"feature_container\" deletable=\"false\" x=\"6\" y=\"297\"><value name=\"feature\"><block type=\"feature_tree_cherry\"><mutation xmlns=\"http://www.w3.org/1999/xhtml\" inputs=\"0\"></mutation><field name=\"foliage_height\">5</field><field name=\"base_height\">7</field><field name=\"height_variation_a\">1</field><field name=\"height_variation_b\">0</field><field name=\"hanging_leaves_chance\">0.166</field><field name=\"hanging_leaves_extension_chance\">0.333</field><field name=\"corner_hole_chance\">0.25</field><field name=\"bottom_hole_chance\">0.25</field><field name=\"force_dirt\">TRUE</field><field name=\"ignore_vines\">TRUE</field><value name=\"dirt\"><block type=\"blockstate_selector\"><mutation xmlns=\"http://www.w3.org/1999/xhtml\" inputs=\"0\"></mutation><field name=\"block\">CUSTOM:RootedEndStone</field></block></value><value name=\"trunk\"><block type=\"blockstate_selector\"><mutation xmlns=\"http://www.w3.org/1999/xhtml\" inputs=\"0\"></mutation><field name=\"block\">CUSTOM:EtherealLog</field></block></value><value name=\"foliage\"><block type=\"blockstate_selector\"><mutation xmlns=\"http://www.w3.org/1999/xhtml\" inputs=\"0\"></mutation><field name=\"block\">CUSTOM:EtherealLeaves</field></block></value><value name=\"root_placer\"><block type=\"root_placer_none\"></block></value><value name=\"branch_count\"><block type=\"int_provider_constant\"><field name=\"value\">1</field></block></value><value name=\"branch_length\"><block type=\"int_provider_uniform\"><field name=\"min\">2</field><field name=\"max\">3</field></block></value></block></value><next><block type=\"placement_rarity\"><field name=\"rarity\">3</field><next><block type=\"placement_in_square\"><next><block type=\"placement_heightmap\"><field name=\"heightmap\">OCEAN_FLOOR</field><next><block type=\"placement_block_survival_filter\"><value name=\"block\"><block type=\"blockstate_selector\"><mutation xmlns=\"http://www.w3.org/1999/xhtml\" inputs=\"0\"></mutation><field name=\"block\">CUSTOM:EtherealGrowth</field></block></value><next><block type=\"placement_biome_filter\"></block></next></block></next></block></next></block></next></block></next></block></xml>"
  }
}