{
  "_fv": 69,
  "_type": "fluid",
  "definition": {
    "name": "Ethereal Syrup",
    "bucketName": "Bucket of Ethereal Syrup",
    "textureStill": "etherealsyrupstill",
    "textureFlowing": "etherealsyrupflow",
    "tintType": "No tint",
    "canMultiply": false,
    "flowRate": 30,
    "levelDecrease": 2,
    "slopeFindDistance": 3,
    "spawnParticles": false,
    "dripParticle": {
      "value": "EXPLOSION_NORMAL"
    },
    "flowStrength": 1.0,
    "luminosity": 0,
    "density": 1000,
    "viscosity": 1000,
    "temperature": 300,
    "type": "WATER",
    "generateBucket": true,
    "textureBucket": "ethereal_syrup_bucket",
    "creativeTabs": [
      {
        "value": "CUSTOM:GarnishedAdditions"
      }
    ],
    "emptySound": {
      "value": "item.bucket.empty"
    },
    "rarity": "COMMON",
    "specialInformation": {
      "fixedValue": []
    },
    "resistance": 100.0,
    "luminance": 0,
    "lightOpacity": 1,
    "emissiveRendering": false,
    "tickRate": 0,
    "flammability": 0,
    "fireSpreadSpeed": 0,
    "colorOnMap": "PURPLE"
  }
}