{
  "_fv": 69,
  "_type": "plant",
  "definition": {
    "renderType": 12,
    "texture": "hazardous_hyphae",
    "textureBottom": "",
    "customModelName": "Cross model",
    "itemTexture": "hazardous_hyphae_plant",
    "particleTexture": "",
    "tintType": "No tint",
    "isItemTinted": false,
    "plantType": "normal",
    "suspiciousStewEffect": "FIRE_RESISTANCE",
    "suspiciousStewDuration": 100,
    "growapableSpawnType": "Plains",
    "growapableMaxHeight": 3,
    "customBoundingBox": true,
    "disableOffset": false,
    "boundingBoxes": [
      {
        "mx": 2.0,
        "my": 10.0,
        "mz": 2.0,
        "Mx": 14.0,
        "My": 16.0,
        "Mz": 14.0,
        "subtract": false
      }
    ],
    "name": "Hazardous Hyphae",
    "specialInformation": {
      "fixedValue": []
    },
    "creativeTabs": [
      {
        "value": "CUSTOM:GarnishedAdditions"
      }
    ],
    "hardness": 0.0,
    "resistance": 0.0,
    "luminance": 0,
    "unbreakable": false,
    "isSolid": false,
    "isCustomSoundType": false,
    "soundOnStep": {
      "value": "PLANT"
    },
    "breakSound": {
      "value": ""
    },
    "stepSound": {
      "value": ""
    },
    "placeSound": {
      "value": ""
    },
    "hitSound": {
      "value": ""
    },
    "fallSound": {
      "value": ""
    },
    "useLootTableForDrops": false,
    "customDrop": {
      "value": ""
    },
    "dropAmount": 1,
    "forceTicking": true,
    "emissiveRendering": false,
    "hasTileEntity": false,
    "isReplaceable": false,
    "colorOnMap": "AIR",
    "creativePickItem": {
      "value": ""
    },
    "offsetType": "NONE",
    "aiPathNodeType": "DEFAULT",
    "flammability": 0,
    "fireSpreadSpeed": 0,
    "jumpFactor": 0.8,
    "speedFactor": 0.8,
    "canBePlacedOn": [],
    "placingCondition": {
      "name": "HazardousHyphaeBottomAdditionalPlacinggrowthCondition"
    },
    "isBonemealable": true,
    "isBonemealTargetCondition": {
      "name": "HazardousHyphaeBottomCanBoneMealBeUsedOnThisBlock"
    },
    "onBonemealSuccess": {
      "name": "HazardousHyphaeBottomOnBoneMealSuccess"
    },
    "frequencyOnChunks": 16,
    "generateFeature": true,
    "restrictionBiomes": [
      {
        "value": "soul_sand_valley"
      }
    ],
    "generationType": "Flower",
    "patchSize": 64,
    "generateAtAnyHeight": true,
    "onTickUpdate": {
      "name": "HazardousHyphaeBottomUpdateTick"
    }
  }
}