{
  "_fv": 69,
  "_type": "tool",
  "definition": {
    "toolType": "Hoe",
    "renderType": 0,
    "blockingRenderType": 0,
    "texture": "nutium_hoe",
    "customModelName": "Normal",
    "blockingModelName": "Normal blocking",
    "name": "Nutium Hoe",
    "specialInformation": {
      "fixedValue": []
    },
    "creativeTabs": [
      {
        "value": "CUSTOM:GarnishedAdditions"
      }
    ],
    "efficiency": 10.0,
    "attackSpeed": 4.0,
    "enchantability": 20,
    "damageVsEntity": 2.0,
    "usageCount": 3072,
    "glowCondition": {
      "fixedValue": false
    },
    "repairItems": [
      {
        "value": "CUSTOM:NutiumIngot"
      }
    ],
    "immuneToFire": true,
    "blockDropsTier": "NETHERITE",
    "blocksAffected": [],
    "stayInGridWhenCrafting": false,
    "damageOnCrafting": false
  }
}