{
  "_fv": 69,
  "_type": "armor",
  "definition": {
    "enableHelmet": true,
    "textureHelmet": "nutium_helmet",
    "enableBody": true,
    "textureBody": "nutium_chestplate",
    "enableLeggings": true,
    "textureLeggings": "nutium_leggings",
    "enableBoots": true,
    "textureBoots": "nutium_boots",
    "creativeTabs": [
      {
        "value": "CUSTOM:GarnishedAdditions"
      }
    ],
    "armorTextureFile": "nutium_",
    "helmetName": "Nutium Helmet",
    "bodyName": "Nutium Chestplate",
    "leggingsName": "Nutium Leggings",
    "bootsName": "Nutium Boots",
    "helmetSpecialInformation": {
      "fixedValue": []
    },
    "bodySpecialInformation": {
      "fixedValue": []
    },
    "leggingsSpecialInformation": {
      "fixedValue": []
    },
    "bootsSpecialInformation": {
      "fixedValue": []
    },
    "helmetModelName": "Default",
    "helmetModelPart": "Helmet",
    "helmetModelTexture": "From armor",
    "bodyModelName": "Default",
    "bodyModelPart": "Body",
    "armsModelPartL": "Arms L",
    "armsModelPartR": "Arms R",
    "bodyModelTexture": "From armor",
    "leggingsModelName": "Default",
    "leggingsModelPartL": "Leggings L",
    "leggingsModelPartR": "Leggings R",
    "leggingsModelTexture": "From armor",
    "bootsModelName": "Default",
    "bootsModelPartL": "Boots L",
    "bootsModelPartR": "Boots R",
    "bootsModelTexture": "From armor",
    "helmetItemRenderType": 0,
    "helmetItemCustomModelName": "Normal",
    "bodyItemRenderType": 0,
    "bodyItemCustomModelName": "Normal",
    "leggingsItemRenderType": 0,
    "leggingsItemCustomModelName": "Normal",
    "bootsItemRenderType": 0,
    "bootsItemCustomModelName": "Normal",
    "helmetImmuneToFire": true,
    "bodyImmuneToFire": true,
    "leggingsImmuneToFire": true,
    "bootsImmuneToFire": true,
    "helmetPiglinNeutral": {
      "fixedValue": true
    },
    "bodyPiglinNeutral": {
      "fixedValue": true
    },
    "leggingsPiglinNeutral": {
      "fixedValue": true
    },
    "bootsPiglinNeutral": {
      "fixedValue": true
    },
    "maxDamage": 40,
    "damageValueHelmet": 4,
    "damageValueBody": 9,
    "damageValueLeggings": 7,
    "damageValueBoots": 4,
    "enchantability": 20,
    "toughness": 4.0,
    "knockbackResistance": 0.2,
    "equipSound": {
      "value": "item.armor.equip_netherite"
    },
    "repairItems": [
      {
        "value": "CUSTOM:NutiumIngot"
      }
    ]
  }
}