{
  "_fv": 57,
  "_type": "tag",
  "definition": {
    "type": "Items",
    "items": [
      {
        "value": "CUSTOM:EtherealWood"
      },
      {
        "value": "CUSTOM:EtherealLog"
      },
      {
        "value": "CUSTOM:StrippedEtherealWood"
      },
      {
        "value": "CUSTOM:StrippedEtherealLog"
      }
    ],
    "blocks": [
      {
        "value": "CUSTOM:EtherealWood"
      },
      {
        "value": "CUSTOM:EtherealLog"
      },
      {
        "value": "CUSTOM:StrippedEtherealWood"
      },
      {
        "value": "CUSTOM:StrippedEtherealLog"
      }
    ],
    "functions": [],
    "entities": [],
    "biomes": [],
    "damageTypes": [],
    "name": "ethereal_logs",
    "namespace": "mod"
  }
}