{
  "_fv": 57,
  "_type": "loottable",
  "definition": {
    "type": "Block",
    "pools": [
      {
        "minrolls": 1,
        "maxrolls": 1,
        "minbonusrolls": 1,
        "maxbonusrolls": 1,
        "hasbonusrolls": false,
        "entries": [
          {
            "type": "item",
            "item": {
              "value": "CUSTOM:EtherealGrowth"
            },
            "weight": 5,
            "minCount": 1,
            "maxCount": 1,
            "minEnchantmentLevel": 0,
            "maxEnchantmentLevel": 0,
            "affectedByFortune": true,
            "explosionDecay": true,
            "silkTouchMode": 2
          },
          {
            "type": "item",
            "item": {
              "value": "Blocks.AIR"
            },
            "weight": 93,
            "minCount": 1,
            "maxCount": 1,
            "minEnchantmentLevel": 0,
            "maxEnchantmentLevel": 0,
            "affectedByFortune": false,
            "explosionDecay": true,
            "silkTouchMode": 2
          },
          {
            "type": "item",
            "item": {
              "value": "CUSTOM:EtherealFruit"
            },
            "weight": 2,
            "minCount": 1,
            "maxCount": 1,
            "minEnchantmentLevel": 0,
            "maxEnchantmentLevel": 0,
            "affectedByFortune": true,
            "explosionDecay": true,
            "silkTouchMode": 2
          }
        ]
      }
    ],
    "name": "blocks/ethereal_leaves",
    "namespace": "mod"
  }
}