{
  "_fv": 57,
  "_type": "recipe",
  "definition": {
    "recipeType": "Crafting",
    "recipeRetstackSize": 3,
    "group": "",
    "cookingBookCategory": "MISC",
    "xpReward": 0.0,
    "cookingTime": 200,
    "craftingBookCategory": "BUILDING",
    "recipeShapeless": false,
    "recipeSlots": [
      {
        "value": ""
      },
      {
        "value": "CUSTOM:StrippedEtherealLog"
      },
      {
        "value": "CUSTOM:StrippedEtherealLog"
      },
      {
        "value": ""
      },
      {
        "value": "CUSTOM:StrippedEtherealLog"
      },
      {
        "value": "CUSTOM:StrippedEtherealLog"
      },
      {
        "value": ""
      },
      {
        "value": ""
      },
      {
        "value": ""
      }
    ],
    "recipeReturnStack": {
      "value": "CUSTOM:StrippedEtherealWood"
    },
    "name": "stripped_ethereal_log_to_wood",
    "namespace": "mod"
  }
}